timestamp,gender,age,amount_music,life_enjoyment,resilience,balanced_life,emotional_flex,self_actualization,song1,song2,song3,trauma,id,total_health,energy,dance,liveness,valence,tempo,instrumental,acoustic,popularity,health_categorical
05/11/2016 14:34:00,Male,18 - 30,1 - 2,4,3,5,3,6,Too Good Drake,Trust Nobody Selena Gomez Tory Lanez Cashmere Cat,Don't Wanna Know Maroon5 Kendrick Lamar,No,0,21,0.633,0.655,0.11,0.5715,98.368,2.535e-05,0.2816,71.5,1.0
05/11/2016 14:45:26,Male,18 - 30,1 - 2,6,6,3,5,5,Put that on my set asap rocky ft skepta,High rhe beach lana del rey,New level asap ferg,No,1,25,0.655,0.526,0.11599999999999999,0.156,121.12700000000001,0.0,0.0566,65.0,1.0
05/11/2016 14:45:41,Female,18 - 30,0 - 1,5,5,4,4,5,Fireproof Coleman Hell,Love on the Brain Rhianna,This Girl Kungs vs Cookin' on 3 Burners,No,2,23,0.7455,0.742,0.1835,0.6184999999999999,125.00899999999999,2.3049999999999998e-05,0.0538,63.5,1.0
05/11/2016 14:45:55,Male,18 - 30,2+,3,6,5,5,5,Eyes Nose Lips TaeYang,Me Like Yuh Jay Park,Aquaman Jay Park,No,3,24,0.739,0.6816666666666666,0.1489,0.5960000000000001,113.57600000000001,1.2799999999999998e-06,0.34886666666666666,60.333333333333336,1.0
05/11/2016 14:49:15,Female,18 - 30,0 - 1,2,5,2,1,5,Sugar Wanderlust,Blue Jeans Lana Del Ray,Mr. Bright side the killers,Yes,4,15,0.5389999999999999,0.513,0.2155,0.2915,122.4605,0.46435,0.5995,3.0,0.0
05/11/2016 14:50:21,Male,18 - 30,0 - 1,3,4,4,5,6,Look on Up Relient K,Money and Fame NeedToBreathe,Awakening Switchfoot,No,5,22,0.7406666666666665,0.5116666666666666,0.1145,0.416,149.958,3.223e-05,0.09036966666666664,43.666666666666664,1.0
05/11/2016 14:51:28,Male,18 - 30,1 - 2,4,5,2,5,4,Timmy Turner Desiigner,Starboy The Weeknd,One Dance Drake,No,6,20,0.641,0.6919999999999998,0.18886666666666665,0.39366666666666666,137.59933333333333,0.00095545,0.10780666666666665,82.0,1.0
05/11/2016 14:52:00,Female,18 - 30,1 - 2,4,4,4,4,5,SelfControl Frank Ocean,0 to 100/ The Catch Up Drake,All I Ask Adele,No,7,21,0.49600000000000005,0.647,0.21149999999999997,0.422,115.5275,0.0,0.8225,72.5,1.0
05/11/2016 14:54:51,Male,18 - 30,2+,3,2,4,3,1,Never say never basement jaxx ,Location khalid,Right here Dave b ,No,8,13,0.5493333333333333,0.7133333333333333,0.17426666666666668,0.36533333333333334,111.39433333333334,0.037054,0.23526333333333335,58.666666666666664,0.0
05/11/2016 14:58:37,Male,18 - 30,2+,2,5,3,5,5,Kids in the Dark,Hurt,Angel,No,9,20,0.558,0.515,0.13043333333333332,0.509,152.12633333333332,0.0007783333333333335,0.42878666666666665,74.0,1.0
05/11/2016 14:59:23,Female,18 - 30,2+,4,6,6,5,5,Location Khalid,I Remember AlunaGeorge,No One Mothica (Kayge Calypso & DUNN Remix),No,10,26,0.5843333333333334,0.7406666666666667,0.2849333333333333,0.39433333333333326,102.03466666666668,5.4000000000000005e-05,0.4686666666666666,70.0,1.0
05/11/2016 15:00:19,Male,18 - 30,2+,4,5,2,5,5,Four seasons vivaldi,https://www.youtube.com/watch?v=ABuR0nLRVo&list=PLkqYoqI5Cl1pc6b5jxei9o5CiMMlyZ3nO,End of august yanni,Yes,11,21,0.332,0.26149999999999995,0.20900000000000002,0.38349999999999995,161.61950000000002,0.8330000000000001,0.89,48.0,1.0
05/11/2016 15:04:51,Male,18 - 30,0 - 1,2,3,2,4,4,Monsoon Tokio Hotel,Imagine the Fire Hans Zimmer,Way Away Yellowcard,No,12,15,0.7893333333333334,0.5003333333333333,0.13216666666666668,0.22799999999999998,131.53266666666667,0.2556797,0.06190230999999999,48.0,0.0
05/11/2016 15:05:15,Female,18 - 30,1 - 2,4,4,5,4,5,One Dance Drake,Summertime Sadness,Sorry Justin Bieber ,No,13,22,0.6773333333333333,0.6553333333333332,0.26033333333333336,0.3466666666666667,105.389,0.0009539333333333334,0.049706666666666656,76.66666666666667,1.0
05/11/2016 15:06:09,Male,18 - 30,1 - 2,6,6,4,5,5,Peg pugg deep karan,Label black gupz sehra,No heart 21 savage,No,14,26,0.6775,0.8125,0.11610000000000001,0.7755,111.56049999999999,3.2200000000000003e-05,0.3125,56.5,1.0
05/11/2016 15:06:33,Male,18 - 30,1 - 2,1,0,3,2,4,Arrival of the birds the cinematic orchestra,Waltz for life will be born Nujabes,Throw it back ProletR,Yes,15,10,0.14300000000000002,0.175,0.0915,0.0662,173.33,0.9329999999999999,0.937,52.0,0.0
05/11/2016 15:09:08,Female,18 - 30,2+,0,2,5,2,5,Reverse skydiving Hot Natured ft. Anabel Englund,Let's Nacho from the movie Kapoor & Sons,Lighthouse Nicky Romero,No,16,14,0.6990000000000001,0.604,0.341,0.36700000000000005,128.056,0.0,0.0208,44.0,0.0
05/11/2016 15:09:33,Male,18 - 30,2+,4,5,2,4,4,swang Travis scott,fake love Drake,used to it future,No,17,19,0.6539999999999999,0.645,0.258,0.7270000000000001,104.8425,0.00212,0.060250000000000005,57.5,1.0
05/11/2016 15:10:27,Male,18 - 30,0 - 1,2,5,3,5,6,M.A.A.D City Kendrick Lamar,Ultralight Beam Kanye West,Closer Chainsmokers,No,18,21,0.5486666666666667,0.6103333333333333,0.36333333333333334,0.4126666666666667,97.82766666666667,1.3566666666666667e-06,0.3682666666666667,77.0,1.0
05/11/2016 15:10:52,Male,18 - 30,1 - 2,5,4,4,5,4,Maybe idk,Famous kanye,Mad world jubel,No,19,22,0.637,0.54,0.1435,0.3115,147.0745,0.0,0.0513,68.5,1.0
05/11/2016 15:12:49,Male,18 - 30,2+,4,5,4,6,6,You Left Me Croquet Club,Steppin' Out Kaskade,Sæglópur Sigur Rós,No,20,25,0.601,0.49033333333333334,0.26,0.3844,104.37466666666667,0.5646333333333333,0.38209999999999994,40.0,1.0
05/11/2016 15:13:38,Male,18 - 30,2+,3,4,1,4,4,Do You Mind DJ Khaled,Can't Forget You San Holo,Into You Ariana Grande,No,21,16,0.6806666666666666,0.5293333333333333,0.23,0.2536666666666667,107.044,0.0025739666666666668,0.012106666666666667,66.33333333333333,1.0
05/11/2016 15:13:52,Female,18 - 30,1 - 2,4,4,2,5,5,Broccoli D.R.A.M ft. Lil Yachty,Dat $tick Rich Chigga,Dissolve Absofacto,Yes,22,20,0.545,0.8054999999999999,0.09615,0.52,96.7625,8.455e-05,0.167,65.0,1.0
05/11/2016 15:13:57,Female,18 - 30,0 - 1,4,4,2,3,6,The Greatest Sia,11 Blocks Wrabel,Crazier Taylor Swift,Yes,23,19,0.66,0.5576666666666666,0.10070000000000001,0.3933333333333333,141.50033333333332,0.00016144333333333334,0.03163333333333334,67.66666666666667,1.0
05/11/2016 15:16:12,Female,18 - 30,2+,4,3,3,2,2,Justified A Day to Remember,Tidal Wave Taking Back Sunday,Black Honey Thrice ,Yes,24,14,0.8583333333333334,0.49199999999999994,0.09243333333333333,0.18476666666666666,128.73766666666666,0.00044264,0.010985666666666666,53.0,0.0
05/11/2016 15:17:06,Male,18 - 30,2+,5,4,4,4,6,Diljit Do You Know,Mickey Singh Phone,Travis Scott Through the Late Night,No,25,23,0.6926666666666667,0.6296666666666667,0.12083333333333333,0.36800000000000005,101.20466666666668,6.733333333333334e-07,0.214,60.0,1.0
05/11/2016 15:17:13,Male,18 - 30,0 - 1,4,5,5,6,3,Cold Water,One dance ,24K Magic,No,26,23,0.7366666666666667,0.7386666666666666,0.23033333333333336,0.505,101.296,0.0009533333333333334,0.03247333333333333,79.66666666666667,1.0
05/11/2016 15:17:38,Female,18 - 30,2+,5,3,4,3,6,Fake Love Drake,Goosebumps Travis Scott ,Deuces Chris Brown ,Yes,27,21,0.6516666666666667,0.8039999999999999,0.14073333333333332,0.422,112.73,0.0,0.0746,76.0,1.0
05/11/2016 15:19:53,Male,18 - 30,0 - 1,3,2,4,4,4,Perfect Illusion Lady GaGa,Me Too Meghan Trainor,Uptown Funk Mark Ronson ft Bruno Mars,No,28,17,0.706,0.8193333333333334,0.2923,0.673,121.27499999999999,0.19633373333333334,0.032826,51.666666666666664,1.0
05/11/2016 15:21:22,Male,18 - 30,1 - 2,5,3,1,4,4,Cold Water By Major Lazer justin bieber,Count on me By Bruno Mars,Treat you Better Shawn Mendes,Yes,29,17,0.38366666666666666,0.5266666666666667,0.15133333333333332,0.355,117.88833333333332,0.62,0.6916666666666665,29.0,1.0
05/11/2016 15:30:32,Male,18 - 30,2+,2,5,5,6,5,Chain Gang Sam Cooke,After Laughter Wendy Rene,Put me Thru Anderson Paak,No,30,23,0.5536666666666666,0.6193333333333333,0.14646666666666666,0.611,141.675,1.2226666666666664e-05,0.2879666666666667,56.0,1.0
05/11/2016 15:30:50,Male,17 & Under,1 - 2,5,4,5,5,6,Bombae fuse odg,Salute jassi sidhu,Fake love drake,No,31,25,0.7933333333333333,0.8443333333333333,0.2781,0.7013333333333334,110.87866666666666,9.443333333333333e-06,0.07780000000000001,53.666666666666664,1.0
05/11/2016 15:31:48,Female,18 - 30,0 - 1,3,3,3,4,4,A.I. OneRepublic,Symphony Zeds Dead,Star Boy The Weeknd and Daft Punk,Yes,32,17,0.6975,0.599,0.1355,0.315,131.935,0.107503375,0.18345,50.0,1.0
05/11/2016 15:34:23,Male,18 - 30,1 - 2,5,6,5,5,6,Closer The Chainsmokers,Don't Wanna Know Maroon 5,I only listen to 2 songs all day,Yes,33,27,0.567,0.7655,0.10464999999999999,0.5395,97.52850000000001,0.0,0.37849999999999995,81.0,1.0
05/11/2016 15:35:07,Male,18 - 30,0 - 1,4,6,2,5,5,Rhinestone Cowboy Madvillain,N.Y. State of mind Nas,Ultralight Beam Kanye West,No,34,22,0.6636666666666666,0.5243333333333333,0.3623333333333334,0.5456666666666666,111.07466666666666,0.00054,0.3248,62.333333333333336,1.0
05/11/2016 15:40:10,Male,18 - 30,2+,3,5,2,5,4,Find me kings of leon,Go with the flow the Queens of the stone age,Bored to death Blink 182,No,35,19,0.9676666666666666,0.3833333333333333,0.3686666666666667,0.5489999999999999,160.303,0.2997338533333333,0.005795333333333333,62.666666666666664,1.0
05/11/2016 15:40:45,Male,18 - 30,2+,5,5,2,5,4,Breaking the chain Sum 41,Cutting shapes Don Diablo,Middle DJ snake,No,36,21,0.847,0.6023333333333333,0.072,0.4563333333333333,117.99000000000001,0.0194,0.015346666666666666,65.0,1.0
05/11/2016 15:42:13,Male,18 - 30,2+,5,4,6,5,2,starboy the weeknd,shameless the weeknd,dark times the weeknd,No,37,22,0.5176666666666666,0.594,0.12333333333333334,0.3333333333333333,139.55033333333333,5.783333333333334e-06,0.13366666666666666,75.66666666666667,1.0
05/11/2016 15:42:54,Female,18 - 30,1 - 2,2,4,3,1,5,Someday The Strokes,Sedone Houndmouth,The Grand Optimist City and Colour,No,38,15,0.52,0.5379999999999999,0.36700000000000005,0.6779999999999999,106.031,0.0,0.00425,69.0,0.0
05/11/2016 15:44:08,Male,18 - 30,1 - 2,4,2,2,1,1,Perfect Illusion Lady Gaga,Alive Sia,All I ask Adele,No,39,10,0.6333333333333333,0.5733333333333334,0.2046666666666667,0.48499999999999993,122.30033333333334,4.066666666666667e-05,0.37912666666666667,69.66666666666667,0.0
05/11/2016 15:45:13,Male,18 - 30,1 - 2,4,5,3,6,4,Take Care Drake ,Too Good Drake ,Shake it off taylor swift,No,40,22,0.6226666666666666,0.7446666666666667,0.12033333333333333,0.576,159.93133333333333,3.73e-05,0.04080233333333333,75.66666666666667,1.0
05/11/2016 15:45:23,Male,30+,1 - 2,4,5,5,5,5,Treacherous  Taylor Swift ,Carolina in my mind James Taylor ,Wild horses Rolling Stones ,No,41,24,0.4266666666666667,0.5499999999999999,0.11883333333333335,0.29933333333333334,86.42166666666668,0.001699083333333333,0.29073333333333334,64.33333333333333,1.0
05/11/2016 15:47:34,Male,18 - 30,9,0,3,0,0,3,Low Trace,Final Song Mo,Closer Chainsmokers,No,42,6,0.6683333333333333,0.6473333333333333,0.13686666666666666,0.35799999999999993,113.34533333333333,0.1386948,0.14419666666666667,73.33333333333333,0.0
05/11/2016 15:47:49,Female,18 - 30,1 - 2,3,5,4,5,3,24K Bruno Mars,Come Together The Beatles,Closer The Chainsmokers and Halsey,No,43,20,0.39333333333333337,0.6173333333333333,0.10166666666666667,0.41533333333333333,131.36499999999998,0.08696666666666668,0.016376666666666668,61.666666666666664,1.0
05/11/2016 15:48:57,Female,18 - 30,1 - 2,0,2,2,0,5,Closer Chainsmokers,In the end linkin park,Controlla drake,Yes,44,9,0.618,0.6789999999999999,0.111,0.4506666666666666,97.902,0.0,0.1735,81.33333333333333,0.0
05/11/2016 15:49:12,Female,18 - 30,0 - 1,3,2,2,1,3,Howling at the Moon Milow,If I were sorry Frans,Human RAG 'N' BONE MAN,No,45,11,0.661,0.6826666666666666,0.16766666666666666,0.5093333333333333,102.66000000000001,1.3733333333333335e-05,0.2953333333333333,62.666666666666664,0.0
05/11/2016 15:49:45,Female,18 - 30,2+,1,3,3,0,5,Black Beatles ,Starboy,I miss you blink 182,No,46,12,0.666,0.7103333333333334,0.11636666666666667,0.488,147.31766666666667,4.3799999999999996e-06,0.09478666666666664,78.33333333333333,0.0
05/11/2016 15:51:41,Female,18 - 30,1 - 2,4,4,5,4,4,Rockae Clean Bandit,Craig David ain't givin up (wide awake remix),Far East movement freal luv,No,47,21,0.8140000000000001,0.644,0.213,0.52,145.041,1.59e-06,0.16399999999999998,54.0,1.0
05/11/2016 15:51:45,Prefer not to specify,18 - 30,1 - 2,4,5,5,4,5,No Money Galantis,Shelter Porter Robinson & Madeon,Love10 masara ft. Julianna & Ran,Yes,48,23,0.9159999999999999,0.6709999999999999,0.24,0.8029999999999999,126.01,0.00762,0.0282,75.0,1.0
05/11/2016 15:53:23,Male,18 - 30,2+,3,5,5,5,5,Rambo Bryson Tiller,The Zone The Weeknd,Saint Pablo Kanye West,No,49,23,0.6170000000000001,0.5853333333333334,0.13833333333333334,0.315,163.0393333333333,0.00018133666666666665,0.2806666666666667,65.0,1.0
05/11/2016 15:53:51,Female,18 - 30,1 - 2,4,6,2,4,6,Foundations Kate Nash,Signed Sealed Delivered (I'm Yours) Stevie Wonder,Pine for Cedars Dan Mangan,Yes,50,22,0.6513333333333333,0.5576666666666666,0.08353333333333335,0.634,101.17433333333332,9.100000000000001e-06,0.24978333333333333,47.0,1.0
05/11/2016 15:54:40,Female,18 - 30,5,5,6,4,5,5,Arirang Song So Hee,Four seasons Vivaldi ,No more Loco,Yes,51,25,0.5063333333333334,0.381,0.17666666666666667,0.5247666666666667,106.71366666666665,0.5570024466666667,0.5855333333333334,33.0,1.0
05/11/2016 15:59:39,Male,18 - 30,1 - 2,5,6,5,3,4,Supernova Mr Hudson/Kanye West,Flight Tristam ,Call On Me Starley,No,52,23,0.7400000000000001,0.6183333333333333,0.17400000000000002,0.5436666666666667,105.44966666666666,0.00021223333333333333,0.0541,48.666666666666664,1.0
05/11/2016 16:01:14,Female,18 - 30,2+,4,4,5,3,4,Show you the light MARC,Starboy The Weekend,Wanted Trevor Guthrie,Yes,53,20,0.7323333333333334,0.6273333333333333,0.16466666666666666,0.38999999999999996,139.68966666666665,2.516666666666667e-06,0.14971666666666664,55.666666666666664,1.0
05/11/2016 16:02:02,Male,18 - 30,1 - 2,4,3,2,2,2,Drama Roy Woods,Maybe IDK Jon Belion,Luxury Jon Belion,Yes,54,13,0.36200000000000004,0.7090000000000001,0.109,0.113,122.04299999999999,0.0,0.157,74.0,0.0
05/11/2016 16:02:36,Male,18 - 30,2+,2,2,3,0,1,Lifelines I Prevail,Carry On Memphis May Fire,Air Is Free Johnossi,No,55,8,0.944,0.395,0.14359999999999998,0.40099999999999997,151.88700000000003,5.726666666666667e-06,0.005050666666666666,55.333333333333336,0.0
05/11/2016 16:02:40,Female,18 - 30,1 - 2,3,6,1,3,6,Blame Diplo,Side to Side Ariana Grande,Winter Vivaldi,No,56,19,0.7096666666666667,0.5790000000000001,0.20846666666666666,0.5256666666666666,149.4126666666667,0.2974556666666667,0.3384333333333333,63.0,1.0
05/11/2016 16:04:11,Male,18 - 30,2+,2,4,2,3,3,The Power of Love Céline Dion,Hooked On Your Love Aretha Franklin,Cake By The Ocean DNCE,No,57,14,0.545,0.7076666666666668,0.2161,0.5536666666666666,122.94666666666667,0.0001533333333333333,0.23299999999999998,60.0,0.0
05/11/2016 16:04:34,Female,18 - 30,0 - 1,1,4,1,2,5,Skinny Love Birdy,Drops of Jupiter Train,Les amours dévouées Cœur de Pirate,Yes,58,13,0.4706666666666666,0.47800000000000004,0.19533333333333336,0.4583333333333333,120.997,0.00035428,0.6063333333333333,63.333333333333336,0.0
05/11/2016 16:05:19,Female,18 - 30,2+,4,5,4,4,6,With You Chris Brown,Man! I Feel Like A Woman Shania Twain,Side to Side Ariana Grande ,Yes,59,23,0.777,0.6623333333333333,0.2373333333333333,0.678,123.373,0.0,0.2771,76.0,1.0
05/11/2016 16:08:34,Female,18 - 30,1 - 2,1,5,6,1,6,Fireproof Coleman Hell,The Greatest SIA,Jubel Klingande,No,60,19,0.6583333333333333,0.6859999999999999,0.08376666666666666,0.5603333333333333,148.321,0.07949640000000001,0.07003333333333334,63.0,1.0
05/11/2016 16:09:12,Male,18 - 30,1 - 2,6,6,5,5,5,The ends travis scott,No heart 21 savage,Wiggins MoG,No,61,27,0.5905,0.7454999999999999,0.1317,0.36384999999999995,155.95799999999997,3.2200000000000003e-05,0.10105,70.5,1.0
05/11/2016 16:09:41,Female,18 - 30,0 - 1,2,3,2,3,3,Only U Party next daydoor,Hype Drake ,Side Side Ariana,Yes,62,13,0.6719999999999999,0.7195,0.3015,0.4415,144.566,0.0,0.03785,74.5,0.0
05/11/2016 16:10:08,Female,18 - 30,1 - 2,3,5,3,5,4,Closer the Chainsmokers,Starboy the Weeknd,Don't Wanna Know Maroon 5 and Kendrick,Yes,63,20,0.5623333333333334,0.6749999999999999,0.1139,0.4533333333333333,133.976,0.08433544999999999,0.407,58.0,1.0
05/11/2016 16:11:12,Female,18 - 30,1 - 2,2,4,5,4,6,Cross our Bones Crown the Empire,Aftermath Crown the Empire,Colourblind Hands like Houses,No,64,21,0.9583333333333334,0.5316666666666667,0.30400000000000005,0.40900000000000003,123.69966666666666,0.00014232,0.00036666666666666667,48.333333333333336,1.0
05/11/2016 16:12:01,Female,18 - 30,0 - 1,1,2,3,2,5,Close Nick Jonas,Mistletoe Justin Bieber,Fake love Drake ,Yes,65,13,0.557,0.746,0.1398,0.62,139.99333333333334,0.0,0.28633333333333333,72.0,0.0
05/11/2016 16:15:46,Female,18 - 30,2+,4,4,2,3,4,Lost Luu Breeze,KUNGS this girl,Love me now john legend,Yes,66,17,0.6883333333333334,0.694,0.13096666666666668,0.5793333333333334,112.30133333333333,0.0001133,0.23466666666666666,53.0,1.0
05/11/2016 16:16:50,Female,18 - 30,2+,4,4,3,5,6,La bicicleta Carlos Vives ,Summertime Vybz Kartel,La carretera Prince Royce ,Yes,67,22,0.7813333333333334,0.6603333333333333,0.2473333333333333,0.8133333333333334,167.023,4.933333333333333e-07,0.35700000000000004,61.666666666666664,1.0
05/11/2016 16:18:33,Male,30+,1 - 2,4,5,4,3,4,Evil woman ELO,Home for Christmas take 3,24 karat Bruno mars,No,68,20,0.6559999999999999,0.6970000000000001,0.221,0.8809999999999999,119.632,4.66e-05,0.43,62.0,1.0
05/11/2016 16:20:48,Female,30+,1 - 2,6,5,4,3,5,Cheap thrills Sia,This ones for you zara larson,Stereo love ,Yes,69,23,0.6709999999999999,0.6749999999999999,0.08926666666666666,0.4593333333333333,108.984,0.04931,0.030833333333333334,47.0,1.0
05/11/2016 16:22:32,Female,18 - 30,2+,5,4,5,3,5,Ballin PnB Rock,Send it Austin Mahone,Fleek PnB Rock,Yes,70,22,0.6963333333333334,0.6476666666666667,0.19600000000000004,0.48,134.81733333333332,0.0,0.10429666666666666,60.666666666666664,1.0
05/11/2016 16:22:55,Female,18 - 30,2+,2,6,4,5,5,Do You Mind DJ Khaled ,All We Know Chainsmokers,Black Beatles Rae Sremmurd,Yes,71,22,0.5886666666666667,0.6226666666666667,0.14133333333333334,0.27566666666666667,105.73966666666668,0.0009066666666666666,0.08543333333333332,72.66666666666667,1.0
05/11/2016 16:24:06,Male,18 - 30,1 - 2,1,4,2,2,5,Shake It out Florence and the Machine,Bad 4 Us Superfruit ,Disney Frozen Soundtrack ,No,72,14,0.7036666666666666,0.5963333333333334,0.209,0.46366666666666667,118.13433333333334,0.0,0.18436666666666668,37.333333333333336,0.0
05/11/2016 16:27:05,Female,18 - 30,2+,3,2,2,1,6,Juke Jam Chance the Rapper,Smoke Break Chance the Rapper,Fake Love Drake,No,73,14,0.446,0.7123333333333334,0.14143333333333333,0.482,117.99733333333332,0.0,0.36033333333333334,75.0,0.0
05/11/2016 16:27:33,Female,18 - 30,1 - 2,3,4,4,4,5,Don't wanna know maroon 5,Style Taylor Swift ,We don't talk anymore Selena gomez,Yes,74,20,0.6529999999999999,0.703,0.13143333333333332,0.4086666666666667,98.36166666666668,0.0004766666666666667,0.3221866666666667,70.33333333333333,1.0
05/11/2016 16:33:32,Female,18 - 30,1 - 2,3,4,3,4,5,Side side Ariana grande,Starboy the weeknd,Idk,No,75,19,0.5846666666666666,0.6356666666666666,0.16733333333333333,0.5453333333333332,156.39266666666666,2.1166666666666666e-06,0.32643333333333335,78.0,1.0
05/11/2016 16:35:06,Male,18 - 30,2+,3,4,3,3,5,Picturing Love July Talk,Don't Wanna Know Maroon 5,24K Magic Bruno Mars,No,76,18,0.6183333333333333,0.782,0.09419999999999999,0.5539999999999999,116.82266666666668,1.6966666666666668e-05,0.1287,66.66666666666667,1.0
05/11/2016 16:43:11,Male,18 - 30,2+,3,5,4,5,4,Cut your teeth Kygo Remix,On & On Cartoon,Firestone Kygo,Yes,77,21,0.6753333333333332,0.5393333333333333,0.08366666666666667,0.4246666666666667,129.06033333333332,0.0740221,0.42766666666666664,73.0,1.0
05/11/2016 16:48:25,Female,18 - 30,1 - 2,3,5,1,2,4,Too late rayven justice ,Simge yanki,2 am SZA ,Yes,78,15,0.6104999999999999,0.543,0.28550000000000003,0.3275,109.216,2.195e-06,0.16637000000000002,42.0,0.0
05/11/2016 16:48:53,Male,18 - 30,1 - 2,4,5,1,5,4,Lindsey Stirling First Light,Kanye West Father Strech my Hands Pt. 1,Weeknd Starboy,No,79,19,0.6094999999999999,0.627,0.126,0.34850000000000003,143.996,0.0022981749999999995,0.09539999999999998,67.0,1.0
05/11/2016 16:54:50,Male,18 - 30,2+,2,4,3,5,4,Coordinate Travis scott,Veins in the trap Travis scott,Gangsta khelani,No,80,18,0.6579999999999999,0.688,0.335,0.28,75.615,1.89e-06,0.105,67.0,1.0
05/11/2016 16:56:55,Female,18 - 30,2+,3,5,5,5,3,Sun & moon Above and beyond,Song from a secret garden Rolf Lovland,All we know The Chainsmokers,No,81,21,0.4703333333333333,0.5263333333333333,0.134,0.19233333333333336,96.90733333333333,0.29827333333333333,0.33853333333333335,59.333333333333336,1.0
05/11/2016 16:57:18,Female,18 - 30,2+,3,5,5,5,3,Safari J Balvin,Starboy Weeknd,Hasta El Amanecer Nicky Jam,No,82,21,0.6236666666666667,0.733,0.10936666666666667,0.5596666666666666,153.361,3.1733333333333336e-06,0.318,78.33333333333333,1.0
05/11/2016 16:59:34,Male,18 - 30,2+,5,4,4,4,6,Rush over me Seven Lions,Take My Breath Away alesso,Pjanoo Pryda,No,83,23,0.8420000000000001,0.5296666666666666,0.16333333333333336,0.5376666666666666,127.324,0.27066666666666667,0.04565433333333333,64.66666666666667,1.0
05/11/2016 17:00:29,Male,18 - 30,2+,3,5,5,5,4,Sun is never going down. By Martin Garrix,Seven million lil uzi vert feat. Future,No heart 21 Savage,Yes,84,22,0.5365,0.8959999999999999,0.14700000000000002,0.5825,149.0325,3.6030000000000006e-05,0.0935,71.0,1.0
05/11/2016 17:01:24,Female,18 - 30,2+,6,3,5,3,5,Don't Wanna Know Maroon 5,The Motto Drake,Closer The Chainsmokers,Yes,85,22,0.5253333333333333,0.7656666666666666,0.10676666666666666,0.48966666666666664,132.28566666666669,2.0399999999999998e-05,0.252369,79.66666666666667,1.0
05/11/2016 17:02:40,Female,18 - 30,0 - 1,4,5,2,4,4,Heathens 21 pilots,Panda,Lean on me,No,86,19,0.4546666666666667,0.6903333333333332,0.19933333333333333,0.4056666666666666,103.468,1.5899999999999997e-05,0.29653333333333337,75.0,1.0
05/11/2016 17:07:30,Male,18 - 30,2+,3,2,4,3,1,Never say never basement jaxx ,Location khalid,Right here Dave b ,No,87,13,0.5493333333333333,0.7133333333333333,0.17426666666666668,0.36533333333333334,111.39433333333334,0.037054,0.23526333333333335,58.666666666666664,0.0
05/11/2016 17:08:08,Male,18 - 30,1 - 2,2,3,4,2,5,Remembering SundayAll Time Low,Say it feat. Tove Lo flume,Grow Up Paramore,Yes,88,16,0.708,0.568,0.0782,0.3435,83.981,2.65e-06,0.04015,61.5,1.0
05/11/2016 17:09:00,Male,18 - 30,0 - 1,4,3,3,3,4,Take Care,Too Good,Shake It Off,No,89,17,0.5333333333333333,0.6916666666666665,0.14533333333333334,0.6186666666666666,151.10666666666668,2.0399999999999998e-05,0.22373566666666667,77.0,1.0
05/11/2016 17:13:33,Female,18 - 30,1 - 2,3,2,3,1,3,Oasis Kygo,Raging Kygo,Stay Kygo,Yes,90,12,0.6983333333333333,0.6013333333333334,0.244,0.33266666666666667,107.63033333333333,4.7866666666666674e-05,0.07740000000000001,66.66666666666667,0.0
05/11/2016 17:17:12,Male,18 - 30,0 - 1,3,2,1,5,3,Blue Jay season Tory lanez,Who future and young thug,Gas panic oasis,No,91,14,0.677,0.365,0.40299999999999997,0.261,147.906,0.0033,0.0111,34.0,0.0
05/11/2016 17:25:49,Male,30+,1 - 2,2,5,3,6,5,Five more hours Derro,United we dance vicetone,By your side jonas blue feat raye,No,92,21,0.6859999999999999,0.681,0.17385,0.19799999999999998,124.4875,0.009935000000000001,0.2005,31.0,1.0
05/11/2016 17:28:23,Female,18 - 30,2+,3,3,5,4,5,R.O.D GDragon,Fresh eyes Andy Grammer,Rendez Vous Inna,No,93,20,0.647,0.864,0.09974999999999999,0.853,120.52600000000001,0.00065005,0.4505,49.5,1.0
05/11/2016 17:28:52,Female,18 - 30,0 - 1,2,3,5,2,5,World is Yours  Genius P.J's and Daoko,Heartburn Wafia,Bottle of Jack Mikey Wax,Yes,94,17,0.5265,0.7235,0.46199999999999997,0.487,111.042,2.015e-06,0.259085,46.0,1.0
05/11/2016 17:29:27,Female,18 - 30,0 - 1,3,3,4,2,3,we dont talk anymore selena gomez,closer chainsmokers,scars james bay,No,95,15,0.5126666666666667,0.6333333333333333,0.13333333333333333,0.40833333333333327,108.265,0.00015999999999999999,0.375,70.33333333333333,0.0
05/11/2016 17:35:00,Female,18 - 30,2+,2,3,2,2,3,We don't talk anymore,Closer,Can you hear the voice ,Yes,96,12,0.647,0.6766666666666666,0.20866666666666667,0.515,108.66833333333334,0.026166666666666668,0.34703666666666666,55.333333333333336,0.0
05/11/2016 17:39:45,Female,18 - 30,2+,5,4,5,4,6,Lay Low Crystal Fighters,It's Strange Louis the Child,Limelight Just A Gent,No,97,24,0.6046666666666667,0.5776666666666667,0.33066666666666666,0.40399999999999997,110.15066666666667,0.013868133333333331,0.16046666666666667,52.666666666666664,1.0
05/11/2016 17:40:40,Female,18 - 30,2+,4,3,5,4,4,Heat swing machal montano,Controllerdrake,La gente de gorza mark anthony,No,98,20,,,,,,,,,1.0
05/11/2016 17:43:45,Male,18 - 30,0 - 1,5,5,5,5,5,One Dance the 6ix god,Feel Invincible Skillet,Cold Water Biebs,No,99,25,0.8859999999999999,0.603,0.26,0.395,126.025,0.0,0.00045,72.0,1.0
05/11/2016 17:47:08,Female,18 - 30,1 - 2,3,4,4,3,5,One dance drake,Close,I'm sexy and i know it,Yes,100,19,0.7086666666666667,0.738,0.3339666666666667,0.5873333333333334,130.97299999999998,0.0009533333333333334,0.03177333333333334,68.66666666666667,1.0
05/11/2016 17:50:43,Female,18 - 30,2+,2,4,5,4,5,Starboy The Weeknd,Bungalow Scott Helman,Cross My Mind A R I Z O N A ,No,101,20,0.7403333333333334,0.6723333333333333,0.135,0.48433333333333334,132.99933333333334,2.2139999999999998e-05,0.08236666666666666,68.0,1.0
05/11/2016 17:52:54,Female,18 - 30,2+,5,2,5,1,1,Never Wrong Disturbed,Animals Maroon 5,Pulse of the Dead Parasite Inc,No,102,14,0.89,0.4789999999999999,0.37000000000000005,0.3043333333333333,141.63066666666666,0.035428,0.00039766666666666667,57.0,0.0
05/11/2016 18:02:37,Male,18 - 30,1 - 2,2,2,4,2,6,That Girl Justin Timberlake,$ Ty Dolla $ign,3 Wayz Ty Dolla $ign,No,103,16,0.43933333333333335,0.7483333333333334,0.11599999999999999,0.3785,131.289,0.0,0.484,64.66666666666667,1.0
05/11/2016 18:15:02,Female,18 - 30,0 - 1,2,4,2,3,6,Intro The XX,Conversation 16 The National,Queen of Peace Florence + The Machine,Yes,104,17,0.8410000000000001,0.5469999999999999,0.15276666666666666,0.3253333333333333,114.45633333333335,0.6126846666666667,0.36739999999999995,56.0,1.0
05/11/2016 18:18:26,Male,18 - 30,1 - 2,5,6,6,4,5,Closer,Star boy,Someone like you,No,105,26,0.5293333333333333,0.6543333333333333,0.1698333333333333,0.5123333333333332,115.455,3.33e-05,0.4652,75.33333333333333,1.0
05/11/2016 18:26:25,Female,18 - 30,1 - 2,2,3,3,2,4,Lay Me Down Sam Smith,Grenade Bruno Mars,Love Me Like You Do Ellie Goulding,No,106,14,0.45133333333333336,0.47866666666666663,0.11666666666666665,0.27599999999999997,141.87300000000002,0.0,0.4373333333333333,75.0,0.0
05/11/2016 18:33:55,Male,18 - 30,2+,3,2,3,2,4,The 12th Hour Sirenia,Elan Nightwish,Colder End of the Dream,No,107,14,0.7733333333333334,0.33466666666666667,0.12203333333333333,0.263,166.63400000000001,0.010992666666666666,0.003586,39.0,0.0
05/11/2016 18:34:46,Female,18 - 30,2+,4,2,2,2,3,Faster Amaranthe,Stay Sad Alice Said,The Aging Man The Great Discord,No,108,13,0.9176666666666667,0.496,0.3686666666666667,0.27266666666666667,146.66733333333332,0.13711,0.00043773333333333337,30.333333333333332,0.0
05/11/2016 18:40:16,Female,18 - 30,2+,3,4,4,3,2,Like This DJ Henry X & Wizkid,Girl Can't Be Herself Alicia Keys,24k Magic Bruno Mars,No,109,16,0.7196666666666666,0.6826666666666666,0.1134,0.8093333333333333,113.06566666666667,2.0366666666666666e-05,0.09212666666666668,49.333333333333336,1.0
05/11/2016 18:44:01,Female,18 - 30,0 - 1,4,5,6,4,4,You're going to miss me when I'm gone Anna Kendrick,Seven years Lukas Graham,The little drummer boy Pentatonix,No,110,23,0.473,0.765,0.391,0.34,119.992,0.0,0.287,82.0,1.0
05/11/2016 18:58:26,Male,18 - 30,2+,6,6,6,6,6,Beibs In The Trap Travis Scott,Brown Boy Nav,Nothing on Me Nav,Yes,111,30,0.5710000000000001,0.743,0.29100000000000004,0.495,119.054,0.0,0.24,77.0,1.0
05/11/2016 18:59:20,Male,18 - 30,1 - 2,3,3,3,3,4,Cold water justin,Yours to keep Casey braves,This promise Sam tsui,Yes,112,16,0.749,0.556,0.1775,0.3135,106.95849999999999,0.0,0.2605,56.5,1.0
05/11/2016 19:01:16,Male,18 - 30,0 - 1,4,4,2,5,5,Cheat Codes & Dante Klein Let Me Hold You ,MØ Kamikaze,Lorde Tennis Court (Flume Remix),Yes,113,20,0.7685,0.6375,0.1909,0.5605,128.025,1.695e-06,0.06505,51.5,1.0
05/11/2016 19:04:00,Female,18 - 30,2+,6,2,4,0,3,Holy,Hello,I got a pea,Yes,114,15,0.503,0.6586666666666666,0.09299999999999999,0.49,151.451,8.033333333333334e-05,0.252,55.666666666666664,0.0
05/11/2016 19:07:06,Female,18 - 30,1 - 2,2,3,4,4,2,Starboy The Weeknd,Get Busy Sean Paul,Side to side Ariana ,Yes,115,15,0.7159999999999999,0.6876666666666665,0.17666666666666667,0.608,148.46033333333332,2.1166666666666666e-06,0.2691,78.66666666666667,0.0
05/11/2016 19:07:40,Female,18 - 30,2+,5,2,5,4,6,All We Know The Chainsmokers,24K Magic Bruno Mars,Run Wild Coleman Hell,No,116,22,0.6643333333333333,0.7256666666666667,0.11813333333333333,0.5323333333333334,117.35066666666667,0.0009079366666666666,0.037546666666666666,64.33333333333333,1.0
05/11/2016 19:11:30,Male,18 - 30,0 - 1,4,5,4,6,4,controlla drake,cold water justin beiber,cut it OT Genesis,No,117,23,0.47700000000000004,0.747,0.114,0.321,93.44,0.0,0.0962,71.0,1.0
05/11/2016 19:13:51,Male,18 - 30,0 - 1,6,4,4,4,2,My Way Calvin Harris,The Ocean Mike Perry,Starboy The Weeknd,No,118,20,0.6920000000000001,0.7096666666666667,0.134,0.4033333333333333,132.01033333333334,1.512e-05,0.08566666666666667,81.0,1.0
05/11/2016 19:18:07,Male,18 - 30,2+,2,3,2,4,4,Stormbending Devin Townsend Project,Lune Periphery,Dancers to a Discordant System Meshuggah,Yes,119,15,0.915,0.38566666666666666,0.2311,0.232,114.20299999999999,0.49350033333333326,0.0007326,42.0,0.0
05/11/2016 19:23:05,Male,18 - 30,0 - 1,5,5,4,5,5,Cold Water JB,Treat You Better Shawn Mendes,We don't talk anymore Charlie Puth,No,120,24,0.6910000000000001,0.586,0.143,0.5495,91.356,0.0,0.3635,78.5,1.0
05/11/2016 19:25:35,Male,18 - 30,0 - 1,3,2,5,4,6,Savage Mode,Ocean Drive,Dip Dip,Yes,121,20,0.5643333333333334,0.7993333333333332,0.10443333333333334,0.34800000000000003,121.33566666666665,0.0006776666666666667,0.13152333333333333,78.66666666666667,1.0
05/11/2016 19:29:50,Male,18 - 30,1 - 2,5,4,4,5,5,Not Nice PARTYNEXTDOOR,Starboy The Weeknd,Used to This Future ft. Drake,Yes,122,23,0.542,0.6379999999999999,0.1285,0.6054999999999999,157.0325,0.000663175,0.08314999999999999,77.0,1.0
05/11/2016 19:37:26,Female,18 - 30,2+,2,4,5,3,5,One Dance Drake,Luv Tory Lanez,Drake Too Good ,Yes,123,19,0.593,0.7183333333333333,0.19000000000000003,0.34600000000000003,137.37766666666667,0.0009702333333333333,0.028473333333333333,77.66666666666667,1.0
05/11/2016 19:39:03,Male,18 - 30,2+,3,2,3,2,2,Shahzoda Ayrilamiz ,beethoven moonlight sonata,https://www.youtube.com/watch?v=xFrGuyw1V8s,Yes,124,12,0.39663499999999996,0.4405,0.14800000000000002,0.3545,138.30450000000002,0.4435162,0.50094,42.5,0.0
05/11/2016 19:39:58,Female,18 - 30,1 - 2,4,5,6,2,4,Fresh Eyes,Fast cars ,Into the fire ,No,125,21,0.7533333333333333,0.6066666666666666,0.20133333333333334,0.606,138.35,0.00025266666666666666,0.19945666666666664,62.333333333333336,1.0
05/11/2016 19:47:30,Female,18 - 30,2+,6,6,6,5,4,do like that korede bello,Only u partynextdoor ,Ivy Frank Ocean ,No,126,27,0.5133333333333333,0.5830000000000001,0.19010000000000002,0.6223333333333333,98.67433333333334,0.000103,0.48266666666666663,66.0,1.0
05/11/2016 19:47:40,Male,18 - 30,1 - 2,4,4,4,5,5,Don't Like.1 Kanye West Chief Keef Pusha T Big Sean JadaKiss,Send It Up Kanye West,I Am A God Kanye West,No,127,22,0.5710000000000001,0.6273333333333333,0.212,0.43966666666666665,112.312,0.0002894666666666667,0.11410666666666668,62.0,1.0
05/11/2016 19:50:34,Female,17 & Under,2+,3,4,3,3,5,Ocean Drive Duke Dumont,The Way You Want Me Lucky Rose,Electric Love Borns,Yes,128,18,0.7163333333333334,0.6493333333333332,0.14946666666666666,0.47266666666666673,116.39166666666667,0.0006915433333333334,0.07393333333333334,67.0,1.0
05/11/2016 19:51:54,Female,17 & Under,2+,1,4,2,2,3,Can I Be Him? James Arthur,Say You Wont Let Go James Arthur,Satisfied Hamilton the Musical,Yes,129,12,0.457,0.5283333333333333,0.08466666666666667,0.3476666666666666,101.01366666666667,0.08833333333333333,0.6429999999999999,58.333333333333336,0.0
05/11/2016 19:57:31,Female,18 - 30,1 - 2,1,5,4,6,6,Someone like you Adele,Unfaithful Rihanna,Say my name Beyonce,No,130,22,0.5306666666666667,0.5499999999999999,0.3825,0.36066666666666664,138.78066666666666,0.0,0.6789999999999999,67.0,1.0
05/11/2016 19:59:03,Female,18 - 30,1 - 2,5,6,4,4,5,Fake Love Drake,No Problems Chance the Rapper,Luv Tory Lanez,No,131,24,0.508,0.7330000000000001,0.1565,0.4285,162.078,0.0,0.05940000000000001,75.0,1.0
05/11/2016 20:07:05,Male,18 - 30,2+,0,3,2,2,0,Folger Crystals J.Cole,Love Yourz J.Cole,Bas My nigga just made bail ft. J. Cole,No,132,7,,,,,,,,,0.0
05/11/2016 20:07:16,Male,18 - 30,1 - 2,4,1,2,4,5,Deadmau5 Arguru (EDXs 5un5hine Remix),Feed Me & Tasha Baxter Ebb & Flow,Posij Empty Lungs,Yes,133,16,0.743,0.7313333333333333,0.11180000000000001,0.505,135.98999999999998,0.5589299999999999,0.011196666666666667,18.666666666666668,1.0
05/11/2016 20:08:46,Male,18 - 30,1 - 2,3,2,4,3,2,Whistle for the Choir The Fratellis,Too Good Drake,Skinny Love Bon Iver,Yes,134,14,0.5299999999999999,0.664,0.10553333333333333,0.42166666666666663,108.66233333333332,1.868666666666667e-05,0.3231,67.0,0.0
05/11/2016 20:09:10,Female,17 & Under,2+,4,5,4,4,3,what a feeling one direction,fairly local twenty one pilots,touch troye sivan,No,135,20,0.7266666666666667,0.6329999999999999,0.08943333333333332,0.5433333333333333,105.70233333333334,0.0002849,0.06666666666666667,63.666666666666664,1.0
05/11/2016 20:14:13,Female,18 - 30,2+,5,2,5,3,6,Starboy The Weeknd,Sorry Not Sorry Bryson Tiller,Goosebumps Travis Scott,Yes,136,21,0.6413333333333333,0.7276666666666666,0.17033333333333334,0.39266666666666666,137.99566666666666,2.1166666666666666e-06,0.09113333333333333,80.0,1.0
05/11/2016 20:14:14,Prefer not to specify,30+,2+,3,6,6,0,0,coco ot genasis,all eyes on me tupac,mozarts 4th symphany ,Yes,137,15,0.681,0.834,0.281,0.40900000000000003,106.551,5.75e-06,0.029625,42.5,0.0
05/11/2016 20:21:07,Female,18 - 30,2+,3,1,6,1,3,Photograph Def Leppard,Beats So Lonely Charlie Sexton,Light Years Pearl Jam,No,138,14,0.8263333333333334,0.5106666666666667,0.10736666666666667,0.64,161.60233333333332,0.24935033333333334,0.026781,46.666666666666664,0.0
05/11/2016 20:28:08,Female,18 - 30,2+,0,3,2,1,2,Haze Amber Run,Autumn Tree Milo Greene,Don't Wait Jon Bryant,No,139,8,0.21033333333333334,0.446,0.14600000000000002,0.1910333333333333,97.657,3.6333333333333333e-07,0.7233333333333333,40.666666666666664,0.0
05/11/2016 20:29:27,Male,17 & Under,2+,1,4,2,4,6,Human Christina perri,Bless the broken road Rascal flatts,House of the rising sun the animals,Yes,140,17,0.5019999999999999,0.4443333333333333,0.13053333333333336,0.28833333333333333,132.31866666666664,0.07291096666666667,0.2751283333333333,70.66666666666667,1.0
05/11/2016 20:31:02,Male,18 - 30,2+,5,4,4,4,6,That new Future fr. Drizzy Drake Used to this,You need to CUT ITTT ✂✂✂,This one for the shawties out there Jeremih Ouiiiiii,No,141,23,,,,,,,,,1.0
05/11/2016 20:31:32,Female,18 - 30,2+,5,5,5,4,4,Forever Starts Today Tim Halperin ,A Thousand Miles Vanessa Carlton ,Perfect Strangers Jonas Blue ft. JP Cooper,No,142,23,0.6386666666666666,0.5910000000000001,0.13733333333333334,0.35246666666666665,99.32600000000001,0.0019259999999999998,0.2733333333333333,46.0,1.0
05/11/2016 20:43:33,Female,18 - 30,1 - 2,3,4,5,3,6,I Wanna Prove to You The Lemon Twigs,Garbage Brain Bloody Knees,Soft Power Arcade Fire,No,143,21,0.5730000000000001,0.322,0.26833333333333337,0.18306666666666668,98.19433333333332,0.047170433333333324,0.1797,34.333333333333336,1.0
05/11/2016 20:47:25,Male,18 - 30,0 - 1,2,5,6,5,2,Shot of glory the washboard union,If you're going through hell Rodney atkins,Stronger beer,Yes,144,20,0.769,0.6016666666666667,0.4166666666666667,0.7686666666666667,138.976,0.0,0.15236666666666665,47.0,1.0
05/11/2016 20:56:56,Male,30+,0 - 1,2,6,1,4,3,I will posess your heart death cab for cutie,Workshoes USS,Circadian rhythm silversun pickups,Yes,145,16,0.586,0.693,0.36200000000000004,0.45899999999999996,127.96700000000001,0.0133,0.0667,53.0,1.0
05/11/2016 21:00:07,Female,30+,1 - 2,4,3,3,2,3,One dance Drake,Adventure of a lifetime Coldplay,It can happen to you Chris smith ,No,146,15,0.7000000000000001,0.7446666666666667,0.21933333333333335,0.5313333333333333,103.00066666666667,0.00111,0.14215666666666668,54.333333333333336,0.0
05/11/2016 21:03:24,Female,18 - 30,0 - 1,3,3,2,5,1,Ivy Frank Ocean,Love on the Brain Rihanna,Nikes Frank Ocean,No,147,14,0.4729999999999999,0.5396666666666666,0.14496666666666666,0.316,142.05966666666666,0.00018626666666666665,0.5162333333333333,75.0,0.0
05/11/2016 21:13:35,Female,18 - 30,1 - 2,1,1,6,3,6,solo frank ocean,closer the chainsmokers,did it on em nicki minaj,Yes,148,17,0.45366666666666666,0.637,0.13933333333333334,0.35866666666666663,125.00833333333333,0.22166760666666666,0.4236233333333334,54.666666666666664,1.0
05/11/2016 21:15:53,Female,18 - 30,2+,3,5,5,4,6,She Don't Ella Mai ,Don't Wanna Know Maroon 5 ,Don't Do It For You No More PARTYNEXTDOOR,No,149,23,0.544,0.7164999999999999,0.13765,0.2825,100.013,0.0,0.3055,75.5,1.0
05/11/2016 21:16:39,Male,18 - 30,2+,4,4,2,4,4,Fallin' Alicia Keyes,Pink Lemonade  Watsky,This is How I Disappear  My Chemical Romance,No,150,18,0.863,0.3765,0.18969999999999998,0.406,125.95100000000001,2.4739999999999997e-05,0.12152539999999999,52.5,1.0
05/11/2016 21:25:47,Female,18 - 30,2+,6,6,6,6,6,Take Care ,All We Know ,LUV Tory Lanez ,No,151,30,0.5186666666666667,0.6556666666666667,0.11433333333333333,0.3126666666666667,160.65633333333335,0.0009270666666666666,0.035968999999999994,74.33333333333333,1.0
05/11/2016 21:49:47,Female,18 - 30,1 - 2,3,5,6,6,6,Lights EMBRZ ,This Town Niall Horan (Tiesto Remix),One Wine Machel Montana Ft. Major Lazer,No,152,26,0.6739999999999999,0.7155,0.18855,0.1575,109.995,0.4637215,0.21483,44.5,1.0
05/11/2016 21:57:27,Female,18 - 30,2+,2,3,3,2,3,Chasing Cars ,Closer The chainsmokers,beer money kip moore,No,153,13,0.6403333333333334,0.6853333333333333,0.12433333333333334,0.5206666666666666,108.36366666666667,1.7286666666666668e-05,0.21509999999999999,75.0,0.0
05/11/2016 22:04:33,Male,18 - 30,2+,4,3,3,3,2,Hey Girl Lady Gaga ft. Florence Welch,The Greatest Sia,Slow Dancing in a Burning Room John Mayer,No,154,15,0.5429999999999999,0.6679999999999999,0.0683,0.5085000000000001,163.04700000000003,0.0027695000000000003,0.29159999999999997,78.0,0.0
05/11/2016 22:07:35,Male,18 - 30,0 - 1,3,6,1,2,5,Sneakin' (feat. 21 Savage) Drake,Don't Run PARTYNEXTDOOR,Father Stretch My Hands Pt. 1 Kanye West,No,155,17,0.5156666666666667,0.5806666666666667,0.447,0.341,128.46266666666665,0.30482708333333336,0.17859999999999998,45.666666666666664,1.0
05/11/2016 22:37:58,Male,18 - 30,1 - 2,0,0,3,2,4,father stretch my hand kanye,no shopping drake,wicked future,No,156,9,0.585,0.8065,0.264,0.22699999999999998,120.7375,0.005693999999999999,0.008154999999999999,61.5,0.0
05/11/2016 22:42:29,Male,18 - 30,2+,4,4,2,1,1,King Kunta Kendrick Lamar,Twenty Eight The Weeknd ,Caroline Aminé,No,157,12,0.5416666666666666,0.8213333333333334,0.17566666666666667,0.4796666666666667,119.032,7.266666666666667e-05,0.24996333333333332,73.33333333333333,0.0
05/11/2016 22:49:33,Female,18 - 30,2+,1,2,3,0,3,Bumper cars Alex and Sierra ,Another love tom odell,Rise up Andra Day,Yes,158,9,0.37566666666666665,0.42366666666666664,0.16369999999999998,0.16033333333333336,128.80433333333335,5.333333333333333e-06,0.7683333333333334,65.66666666666667,0.0
05/11/2016 23:07:12,Male,18 - 30,2+,5,5,2,4,5,El Dorado Ramriddlz & Hamza,Do Like That Korede Bello,Aaj Jaane Ki Zid Na Karo Arijit Singh,No,159,21,0.366,0.812,0.0793,0.659,114.09299999999999,0.0,0.36,64.0,1.0
05/11/2016 23:14:29,Male,18 - 30,2+,5,4,4,5,5,Fake love drake ,Starboy the weeknd ,Switch Roy woods ,No,160,23,0.49400000000000005,0.7586666666666666,0.14766666666666664,0.5,137.01066666666665,0.00011011666666666668,0.19000000000000003,72.66666666666667,1.0
06/11/2016 00:04:00,Female,18 - 30,0 - 1,3,4,1,4,4,Closer Chainsmokers,Starboy The Weeknd,Cool Girl Tove Lo,No,161,16,0.602,0.7000000000000001,0.10773333333333333,0.44999999999999996,127.66933333333333,4.506666666666666e-06,0.2893333333333333,81.33333333333333,1.0
06/11/2016 00:05:52,Female,18 - 30,2+,3,4,3,2,4,TT Twice,TT Twice,Blood Sweat and Tears BTS,No,162,16,0.8636666666666667,0.6663333333333333,0.385,0.4663333333333333,117.617,0.00011533333333333334,0.04313333333333333,73.33333333333333,1.0
06/11/2016 00:07:57,Male,18 - 30,2+,1,4,3,5,5,Fake Love Drake,Sneakin (feat. 21 Savage) Drake,Starboy (feat. Daft Punk) The Weeknd,Yes,163,18,0.6050000000000001,0.733,0.17033333333333334,0.5656666666666667,139.98733333333334,0.3302,0.06773333333333333,31.666666666666668,1.0
06/11/2016 00:22:22,Female,18 - 30,1 - 2,3,5,4,2,5,Starboy  The Weeknd,That's Not Me (Feat. JME) Skepta ,Deja Vu Post Malone and Justin Bieber ,No,164,19,0.5973333333333333,0.7573333333333334,0.11620000000000001,0.5630000000000001,152.98733333333334,0.52533545,0.20766666666666667,30.0,1.0
06/11/2016 00:23:48,Female,18 - 30,2+,6,4,5,4,4,don't wanna know  maroon 5,fake love drake ,shout out to my ex little mix ,Yes,165,23,0.6149999999999999,0.8276666666666667,0.13476666666666667,0.6076666666666667,120.016,2.7433333333333335e-06,0.15829999999999997,78.0,1.0
06/11/2016 01:05:15,Male,18 - 30,1 - 2,4,4,2,4,5,Kryptonite 3 Doors Down,In The End Linkin Park,Smile and Wave Headstones,No,166,19,0.798,0.5673333333333334,0.1496666666666667,0.5906666666666667,108.43733333333334,0.002177066666666667,0.01808,59.333333333333336,1.0
06/11/2016 02:45:37,Female,18 - 30,1 - 2,2,4,3,2,5,Gangsta Kehlani,Love on the Brain Rihanna,Party Favors Tinashe,No,167,16,0.5253333333333333,0.5339999999999999,0.1753,0.2243333333333333,129.49266666666668,0.00023493333333333337,0.07113333333333334,67.33333333333333,1.0
06/11/2016 03:54:50,Female,18 - 30,0 - 1,1,1,4,0,4,Work From Home Fifth Harmony,Hello Adele,Cheap Thrills Sia,Yes,168,10,0.578,0.6373333333333333,0.08076666666666667,0.5379999999999999,117.653,0.00047798000000000003,0.1620666666666667,77.33333333333333,0.0
06/11/2016 05:48:45,Male,18 - 30,2+,2,4,5,4,5,libra intervals,falling apart  papa roach,breath breaking benjamin,No,169,20,0.9133333333333334,0.397,0.33686666666666665,0.40633333333333327,154.29533333333333,0.2797353333333334,0.00022920000000000001,58.0,1.0
06/11/2016 07:46:15,Female,18 - 30,1 - 2,3,3,2,4,4,Muddy Waters LP,Everybody wants to rule the world Tears for Fears,Yoga Janelle Monae ft Jidenna,No,170,16,0.5563333333333333,0.642,0.204,0.4526666666666667,122.34499999999998,0.22484447,0.2785666666666667,48.333333333333336,1.0
06/11/2016 08:23:36,Male,18 - 30,2+,4,6,3,6,6,Avicii the nights,Spacebound eminem,keith urban blue aint your color,Yes,171,25,0.626,0.6065,0.16670000000000001,0.5525,104.195,8.95e-07,0.31129999999999997,76.0,1.0
06/11/2016 08:58:32,Male,18 - 30,1 - 2,2,5,4,3,3,Let me love you DJ snake JB ,You're going to go far kid the offspring ,Beverly Hills wheezer,No,172,17,,,,,,,,,1.0
06/11/2016 09:37:40,Male,18 - 30,2+,3,3,3,3,3,Beautiful Freakshow Dean Brody,Unwell Matchbox 20,Ahead a Century Tragically Hip,Yes,173,15,0.6666666666666666,0.593,0.18099999999999997,0.3296666666666667,113.59933333333333,0.0024958666666666665,0.031933333333333334,48.666666666666664,0.0
06/11/2016 09:48:56,Male,18 - 30,1 - 2,4,5,2,4,3,Runner A$AP Mob ft Lil Uzi Vert and A$AP Ant,"21 Savage ""No Heart"" ",Pose Rihanna ,Yes,174,18,0.642,0.7949999999999999,0.164,0.7110000000000001,142.98399999999998,0.0001437,0.17350000000000002,62.5,1.0
06/11/2016 10:02:15,Female,18 - 30,2+,3,3,2,2,4,21K Bruno Mars,Thinking Out Loud Ed Sheeran,Orphelia The Lumineers,No,175,14,0.445,0.7809999999999999,0.184,0.591,78.998,0.0,0.474,86.0,0.0
06/11/2016 10:11:18,Female,17 & Under,1 - 2,3,4,5,3,3,Don't let me down the Chainsmokers,Never be like you Flume,This is what you came for Calvin Harris,No,176,18,0.7846666666666667,0.5353333333333333,0.14533333333333334,0.39433333333333337,132.94133333333332,0.043026666666666664,0.26966666666666667,79.0,1.0
06/11/2016 10:51:33,Male,18 - 30,1 - 2,6,6,3,6,6,Maria Maria Santana,Caroline Anime,Black Beatles Rae Sremmurd,Yes,177,27,0.6165,0.7855000000000001,0.0814,0.5175000000000001,121.91850000000001,0.001005,0.09129999999999999,74.5,1.0
06/11/2016 10:56:05,Female,18 - 30,2+,5,3,6,4,2,Midnight Moon Oh Wonder,Basement Party MAX,Don't Look Back Ben Phipps,No,178,20,0.5976666666666667,0.7456666666666667,0.10060000000000001,0.492,123.004,0.015293333333333334,0.49846666666666667,45.666666666666664,1.0
06/11/2016 11:11:52,Female,18 - 30,2+,4,4,3,3,5,Glawio com truise ,Cherub rock smashing pumpkins ,Get dark the zolas ,No,179,19,0.7063333333333334,0.5583333333333332,0.21566666666666667,0.41900000000000004,122.10700000000001,0.37733333333333335,0.18066863666666666,45.333333333333336,1.0
06/11/2016 11:59:24,Female,17 & Under,1 - 2,5,4,5,3,3,Adele when we were young ,It girl Jason Deurlo ,One dance Drake ,Yes,180,20,0.602,0.5885,0.22175,0.332,123.92500000000001,0.00143,0.17820999999999998,79.5,1.0
06/11/2016 13:39:04,Male,18 - 30,0 - 1,3,6,2,6,4,Swallow up the ocean Billytalent,Lost in Hollywood System of a Down,Tighted up The Black Keys,Yes,181,21,0.797,0.295,0.125,0.107,150.30100000000002,0.00042699999999999997,0.598,67.0,1.0
06/11/2016 13:42:19,Male,18 - 30,2+,4,4,2,2,4,Closer Chainsmokers,Power Kanye West,We Don't Talk Anymore Charlie Puth,No,182,16,0.6673333333333332,0.673,0.3446666666666667,0.53,116.34166666666665,0.0,0.3504,80.0,1.0
06/11/2016 13:45:45,Male,18 - 30,2+,5,6,5,5,6,Starboy The Weeknd,Too Good Drake,Party Up (Up In Here) DMX,Yes,183,27,0.6876666666666665,0.7446666666666667,0.21533333333333335,0.37166666666666665,134.986,1.9016666666666667e-05,0.09473333333333334,72.33333333333333,1.0
06/11/2016 13:49:46,Female,18 - 30,1 - 2,4,5,5,4,6,Fresh Eyes Andy Grammer,Vente Pa' Ca Ricky Martin,Would I lie to you David Guetta,No,184,24,0.747,0.7196666666666666,0.29233333333333333,0.7293333333333333,115.32433333333334,1.8999999999999998e-05,0.19749666666666665,70.33333333333333,1.0
06/11/2016 13:50:15,Male,18 - 30,1 - 2,3,4,5,3,3,I Need A Girl P. Diddy,One in a Million Neyo,I Want It That Way Backstreet Boys,No,185,18,0.6556666666666667,0.7216666666666667,0.17226666666666668,0.6383333333333333,132.93166666666667,9.533333333333333e-07,0.25300000000000006,70.0,1.0
06/11/2016 13:54:32,Female,18 - 30,2+,6,4,4,4,4,Fake love Drake,broccolli ,Say it Tory Lanz,No,186,22,0.39849999999999997,0.851,0.1525,0.544,123.007,0.0,0.1955,40.5,1.0
06/11/2016 14:04:30,Male,18 - 30,2+,3,4,5,4,6,Playing with Fire BlackPink,Call on Me Ryan Riback remix,Juju on That Beat Zay Hilfigerrrrrr,Yes,187,22,0.798,0.6885000000000001,0.15,0.6955,101.0175,0.0003055,0.05015,74.0,1.0
06/11/2016 14:18:57,Female,18 - 30,2+,3,4,4,3,4,Starry The Weeknd,Hymn for the weekend Coldplay,Heathens 21 Pilots,No,188,18,0.5695,0.611,0.20249999999999999,0.45549999999999996,89.999,2.1504999999999998e-05,0.16955,81.5,1.0
06/11/2016 14:21:09,Female,18 - 30,2+,4,4,4,3,5,Waste a moment Kings of Leon,Work this body Walk the Moon,Something to believe in Young the Giant,Yes,189,20,0.8556666666666667,0.49333333333333335,0.2796666666666667,0.578,126.23066666666669,0.24666666666666667,0.017887,64.66666666666667,1.0
06/11/2016 14:21:18,Male,18 - 30,1 - 2,5,6,5,6,5,To Dream Tory Lanez,Exchange Bryson Tiller ,Break from Toronto Partynextdoor,No,190,27,0.5555,0.563,0.27649999999999997,0.26649999999999996,138.603,0.002,0.06395,76.0,1.0
06/11/2016 14:21:48,Male,18 - 30,0 - 1,5,4,4,5,6,See You Again Wiz Khalifa,The Hound Elvis Presley,Johnny B. Goode Chuck Berry,Yes,191,24,0.6809999999999999,0.5226666666666667,0.37929999999999997,0.734,140.96666666666667,0.0017019433333333332,0.6166666666666666,75.66666666666667,1.0
06/11/2016 14:50:16,Male,18 - 30,1 - 2,3,4,3,4,5,Magnify We Are Messengers, Thy Will Hilary Scott,Hallelujah Leonard Cohen,Yes,192,19,0.5549999999999999,0.42300000000000004,0.125,0.3165,155.549,0.00321,0.424,59.0,1.0
06/11/2016 14:51:04,Female,18 - 30,1 - 2,2,4,4,3,2,Shot of Glory Washboard Union ,Keep me in Mind Zac Brown Band,Footloose Blake Shelton,No,193,15,0.8533333333333334,0.5573333333333333,0.17700000000000002,0.7733333333333334,151.97733333333335,7.699999999999999e-07,0.07043666666666666,47.666666666666664,0.0
06/11/2016 15:43:26,Male,18 - 30,2+,6,5,6,6,6,Shelter Porter Robinson,Candyman Zedd,Spectrum Zedd,No,194,29,0.8239999999999998,0.486,0.22233333333333336,0.3006666666666667,159.83,0.0011633333333333333,0.013276666666666666,66.33333333333333,1.0
06/11/2016 16:01:10,Female,18 - 30,1 - 2,5,4,4,4,5,Ocean eyes (astronomy edit) Billie Eilish,Girls your age transviolet,Drunk Zayn,No,195,22,0.49749999999999994,0.535,0.09865,0.2445,129.538,0.00239995,0.481,59.0,1.0
06/11/2016 16:04:47,Female,18 - 30,0 - 1,1,3,2,2,2,Side to side ariana grande,Cold water justin beiber,Let you down justin beiber,No,196,10,0.736,0.65,0.235,0.612,159.174,0.0,0.0513,84.0,0.0
06/11/2016 16:33:04,Female,18 - 30,1 - 2,3,3,4,4,4,Anime soundtracks,harry potter sound tracks,christmas songs,No,197,18,0.2315,0.5465,0.11599999999999999,0.603,124.058,0.443504425,0.3365,44.0,1.0
06/11/2016 16:33:36,Male,18 - 30,2+,3,3,2,2,4,sweet sweet travis scott,roses SAINt JHN,crazy brazy asap rocky and friends,No,198,14,0.5389999999999999,0.7575000000000001,0.268,0.364,122.0145,1.0845e-05,0.21395000000000003,66.5,0.0
06/11/2016 17:02:58,Female,30+,1 - 2,5,5,5,5,6,This is what you came for Calvin Harris,Into You Ariana Grande,Kiss it better Rhianna,No,199,26,0.6933333333333334,0.5790000000000001,0.11850000000000001,0.45966666666666667,140.68433333333334,0.17733396666666668,0.07243666666666666,55.333333333333336,1.0
06/11/2016 17:18:32,Male,18 - 30,1 - 2,3,4,4,3,5,Recognize Partynextdoor,Through the Late Night Travis Scott,Luv Tory Lanez,No,200,19,0.5526666666666666,0.642,0.11266666666666665,0.21966666666666668,145.57366666666667,0.0,0.12699999999999997,70.66666666666667,1.0
06/11/2016 17:27:29,Female,17 & Under,2+,3,3,5,2,6,Starboy The Weeknd ,Don't Wanna Know Maroon 5,All we know The Chainsmokers,No,201,19,0.5946666666666666,0.7076666666666666,0.11676666666666667,0.39999999999999997,125.35066666666667,0.0009087833333333333,0.19366666666666665,78.0,1.0
06/11/2016 17:58:24,Female,18 - 30,1 - 2,3,2,2,5,5,Starboy The Weeknd,Singing Low The Fray,Kids One Republic ,No,202,17,0.614,0.6030000000000001,0.11403333333333333,0.425,127.72933333333334,6.278333333333333e-05,0.26266666666666666,70.0,1.0
06/11/2016 18:40:27,Male,18 - 30,1 - 2,3,5,0,5,4,O Sole Mio Pavarotti ft. Bryan Adams,Tennessee Whiskey Chris Stapleton,Mirrors Justin Timberlake,No,203,17,0.441,0.483,0.08835000000000001,0.512,62.8085,0.0048,0.21949999999999997,72.5,1.0
06/11/2016 18:58:03,Female,18 - 30,2+,3,5,2,5,4,Stay High cover Theory of a Deadman,Ain't No Other Man But You Christina Aguilera ,Rap God Eminem ,Yes,204,19,0.843,0.708,0.799,0.625,148.14,0.0,0.397,81.0,1.0
06/11/2016 20:14:05,Male,18 - 30,2+,5,5,4,6,5,Congratulations Post Malone,Love$ick Mura Masa,Used To This Future,No,205,25,0.7646666666666667,0.6243333333333333,0.221,0.538,125.63033333333334,0.003533333333333333,0.13106666666666666,76.0,1.0
06/11/2016 20:19:31,Male,18 - 30,0 - 1,3,6,6,6,6,Vivir Mi Vida Marc Anthony,In the end Linkin Park,Sing for the moment Eminem,Yes,206,27,0.8466666666666667,0.6203333333333334,0.17096666666666663,0.4749999999999999,124.77500000000002,5.4e-07,0.11875333333333332,78.0,1.0
06/11/2016 20:39:41,Male,18 - 30,2+,5,6,4,6,4,Guidance Travis Scott,March Madness Future,Timmy Turner Desiigner,Yes,207,25,0.713,0.57,0.19653333333333334,0.36400000000000005,147.66299999999998,4.6e-07,0.13596666666666668,68.0,1.0
06/11/2016 20:42:29,Female,18 - 30,2+,5,4,5,3,4,Electric Body ASAP Rocky,Big Body School Boy Q,Maad City Kendrick Lamar,Yes,208,21,0.6635,0.6920000000000001,0.2523,0.3725,105.507,0.0007020349999999999,0.27290000000000003,66.0,1.0
06/11/2016 22:17:08,Female,18 - 30,3+,4,5,4,5,6,Trust Nobody Cashmere Cat,Deja Vu Post Malone,Gangsta Kehlani,No,209,24,0.5873333333333334,0.5163333333333333,0.18400000000000002,0.39633333333333337,111.39233333333334,0.0,0.23370000000000002,72.33333333333333,1.0
06/11/2016 22:30:26,Female,18 - 30,2+,4,5,4,5,3,Ooh La The Kooks,Kill Your Heroes AWOLNATION,Honey Save Me From My Falsehoods Asha Jefferies,Yes,210,21,0.6149333333333333,0.48333333333333334,0.3423333333333334,0.4066666666666667,110.18766666666666,8.486666666666667e-05,0.29797333333333337,43.333333333333336,1.0
06/11/2016 22:32:41,Female,18 - 30,2+,4,4,4,5,4,aint my fault rehab remix,say yes,lotto,Yes,211,21,0.706,0.7360000000000001,0.18033333333333332,0.5806666666666667,122.66399999999999,4.7e-07,0.0988,63.333333333333336,1.0
06/11/2016 22:32:55,Female,18 - 30,2+,2,2,3,4,5,Wolves Big Wreck,Bush Party Dean Brody,The Touch Kolaj,No,212,16,0.8473333333333334,0.5183333333333333,0.11070000000000002,0.514,136.65766666666664,0.0016466666666666667,0.11139666666666666,34.333333333333336,1.0
06/11/2016 22:35:42,Female,18 - 30,2+,2,6,2,4,4,Girls Like Tinie Tempah,Flex your way out of here sofi de la torre,Not above love aluna george,No,213,18,0.7685,0.8285,0.23759999999999998,0.5379999999999999,108.036,5.9e-06,0.39149999999999996,65.0,1.0
06/11/2016 22:35:43,Female,18 - 30,1 - 2,4,3,4,2,4,Flex Your Way Out,24K Magic,Guillotine,Yes,214,17,0.6846666666666666,0.6806666666666666,0.12386666666666668,0.51,97.02366666666667,2.9566666666666666e-06,0.20299999999999999,67.33333333333333,1.0
06/11/2016 22:48:01,Female,18 - 30,1 - 2,5,5,3,5,5,Centuries fall out boy,I need a minute Imagine Dragons,Dear Agony Breaking Benjamin,Yes,215,23,0.909,0.46399999999999997,0.2455,0.571,141.978,3.9e-06,0.002096,76.0,1.0
06/11/2016 23:17:09,Male,18 - 30,2+,5,6,5,6,4,Exit Music Radiohead,F me pumps Amy winehouse,Mr. Greives the pixies,No,216,26,0.3055,0.593,0.17099999999999999,0.4075,112.257,0.059500000000000004,0.16749999999999998,48.5,1.0
06/11/2016 23:29:03,Female,18 - 30,2+,4,4,6,5,5,24K Magic Bruno Mars,This Town Niall Horan,All I Wanna Do Jay Park,No,217,24,0.5616666666666666,0.6436666666666667,0.10170000000000001,0.49466666666666664,114.23433333333332,0.0,0.36933333333333335,76.0,1.0
07/11/2016 01:15:18,Female,18 - 30,2+,4,5,4,5,5,Photograph Ed Sheeran ,Work out jcole,Too many Russ ,Yes,218,23,0.443,0.6785,0.1048,0.27949999999999997,93.5,0.00023199999999999997,0.6065,73.5,1.0
07/11/2016 01:19:17,Female,30+,0 - 1,3,5,3,3,6,Can't Stop the Feeling,This is What you Came For,Don't Let Me Down,Yes,219,20,0.8763333333333333,0.6103333333333333,0.12693333333333334,0.529,132.267,0.043026666666666664,0.12219999999999999,81.0,1.0
07/11/2016 08:38:37,Female,18 - 30,2+,4,5,3,4,4,Between Days Levi,Drive Glades,1000 Nights FRENSHIP,Yes,220,20,0.6433333333333334,0.6483333333333333,0.09313333333333333,0.4033333333333333,112.66966666666667,0.020377333333333334,0.07086666666666668,53.0,1.0
07/11/2016 09:56:09,Female,18 - 30,1 - 2,6,5,6,6,6,Experience Ludovico Einaudi,Divenire Ludovico Einaudi,Una Mattina Ludovico Einauri,No,221,29,0.315,0.27849999999999997,0.0696,0.06035,90.598,0.9175,0.922,57.0,1.0
07/11/2016 10:17:59,Female,18 - 30,2+,2,1,3,0,3,Stole the Show Kygo,Lose Yourself Eminem,Shake It Off Taylor Swift,Yes,222,9,0.7263333333333334,0.6749999999999999,0.21966666666666668,0.4833,143.77666666666664,0.00021566666666666666,0.07271333333333334,76.66666666666667,0.0
07/11/2016 10:57:14,Female,18 - 30,2+,3,3,4,2,5,Little do you know Alex and Sierra,I believe in you Michael Buble,Make it Work Majid Jordan,No,223,17,0.5596666666666666,0.6206666666666667,0.14393333333333333,0.41333333333333333,121.96833333333332,0.00094419,0.29125,66.66666666666667,1.0
07/11/2016 12:00:04,Female,18 - 30,2+,4,3,5,5,4,Starboy The Weeknd,Something About You Majid Jordan ,Cold water Justin Bieber,No,224,21,0.6886666666666666,0.6183333333333333,0.18099999999999997,0.4033333333333333,129.67466666666667,2.1166666666666666e-06,0.09493333333333333,71.0,1.0
07/11/2016 12:12:36,Female,18 - 30,1 - 2,5,2,6,2,4,Often the Weeknd,Telepathy Christina Aguilera,We Don't Talk Anymore Charlie Puth and Selena Gomez,Yes,225,19,0.6856666666666666,0.6046666666666667,0.19566666666666666,0.40886666666666666,115.11333333333334,0.30701,0.23363333333333336,44.666666666666664,1.0
07/11/2016 12:14:43,Female,18 - 30,2+,4,5,1,5,2,White Ferrari frank ocean ,Unleshed Roy woods ,Cold hard love Tory lanez ,Yes,226,17,0.37270000000000003,0.45899999999999996,0.19955,0.196,99.4765,0.0001475,0.524,59.5,1.0
07/11/2016 17:51:36,Male,18 - 30,1 - 2,2,4,6,5,5,Litty Meek Mill (Drake trash),Do it Myself Russ (Drake still trash),What They Want Russ (TSwift more trash than Drake),No,227,22,,,,,,,,,1.0
07/11/2016 20:00:22,Female,17 & Under,2+,4,5,3,4,3,Chloroform Phoenix ,Hold you gyptian ,Jarmin in the dark the monks ,Yes,228,19,0.6699999999999999,0.5449999999999999,0.1502,0.45133333333333336,94.82800000000002,0.0035507,0.13237333333333332,55.0,1.0
07/11/2016 22:20:06,Male,18 - 30,2+,3,3,3,4,5,Best of both worlds Miley Cyrus ,Ba Justin beiber,Starboy weeknd,No,229,18,0.758,0.617,0.5415,0.5185,154.9995,0.0012931750000000001,0.11664999999999999,59.5,1.0
08/11/2016 11:48:52,Female,18 - 30,0 - 1,5,5,3,5,5,When I see you again Charlie Puth,GOLD Kiiara ,I was here Beyonce,No,230,23,0.5195000000000001,0.5549999999999999,0.11335,0.32099999999999995,112.0205,0.00125,0.523,69.0,1.0
08/11/2016 12:02:50,Male,18 - 30,1 - 2,2,3,4,3,3,Light up the sky the Afters,Son of man Phil Colins,If Today is your last day Nickelback,Yes,231,15,0.6355000000000001,0.5205,0.2103,0.49849999999999994,115.99000000000001,0.01635,0.0159551,27.0,0.0
08/11/2016 12:38:19,Female,18 - 30,0 - 1,4,5,4,5,5,Reaper Sia,Lost On You Death Valley,Don't Ed Sheeran,Yes,232,23,0.7383333333333334,0.686,0.2830333333333333,0.7786666666666666,99.34666666666665,0.06003666666666666,0.01747333333333333,62.0,1.0
08/11/2016 19:39:43,Female,18 - 30,2+,0,3,3,1,1,fake love drake ,24K Magic Bruno Mars ,daddy lessons beyonce ,No,233,8,0.633,0.8003333333333332,0.3924666666666667,0.638,119.66433333333333,4.8333333333333325e-06,0.04706666666666667,75.33333333333333,0.0
12/12/2016 18:59:19,Male,18 - 30,2+,5,5,5,6,6,Crystal Blue Persuasion Tommy James,You Got It On  Justin Timberlake,New Person Same Old Mistakes Tame Impala,Yes,234,27,0.5213333333333333,0.549,0.1407,0.5913333333333334,112.47933333333334,0.003218433333333333,0.23666666666666666,53.0,1.0
